{"pockets": [[0.0, 0.21344086527824402], [0.33681818181818185, 0.2100992649793625], [0.6736363636363637, 0.19583794474601746], [1.0104545454545455, 0.20247028768062592], [1.3472727272727274, 0.19427551329135895], [1.6840909090909093, 0.19700782001018524], [2.020909090909091, 0.2054019719362259], [2.357727272727273, 0.2080230563879013], [2.694545454545455, 0.20515798032283783], [3.0313636363636367, 0.2129254788160324], [3.3681818181818186, 0.20312988758087158], [3.7050000000000005, 0.20724093914031982], [4.041818181818182, 0.21226659417152405], [4.378636363636364, 0.20674113929271698], [4.715454545454546, 0.19801215827465057], [5.052272727272728, 0.19974906742572784], [5.38909090909091, 0.2119610458612442], [5.7259090909090915, 0.19887687265872955], [6.062727272727273, 0.20639461278915405], [6.399545454545455, 0.20045894384384155], [6.736363636363637, 0.19999326765537262], [7.073181818181819, 0.1979675143957138]], "erratic": [[0.0, 0.33622780442237854], [0.33681818181818185, 0.32565516233444214], [0.6736363636363637, 0.35734835267066956], [1.0104545454545455, 0.36004847288131714], [1.3472727272727274, 0.3771519660949707], [1.6840909090909093, 0.3829687535762787], [2.020909090909091, 0.3822086751461029], [2.357727272727273, 0.37506103515625], [2.694545454545455, 0.3798478841781616], [3.0313636363636367, 0.3709396719932556], [3.3681818181818186, 0.3814105689525604], [3.7050000000000005, 0.38674217462539673], [4.041818181818182, 0.37697476148605347], [4.378636363636364, 0.36966168880462646], [4.715454545454546, 0.37670573592185974], [5.052272727272728, 0.3782106637954712], [5.38909090909091, 0.3764055669307709], [5.7259090909090915, 0.3855976462364197], [6.062727272727273, 0.380825012922287], [6.399545454545455, 0.3910733461380005], [6.736363636363637, 0.3906148374080658], [7.073181818181819, 0.39228349924087524]], "drumming": [[0.0, 0.45033127069473267], [0.33681818181818185, 0.4642455577850342], [0.6736363636363637, 0.446813702583313], [1.0104545454545455, 0.4374812841415405], [1.3472727272727274, 0.4285725951194763], [1.6840909090909093, 0.4200233817100525], [2.020909090909091, 0.41238933801651], [2.357727272727273, 0.41691598296165466], [2.694545454545455, 0.41499415040016174], [3.0313636363636367, 0.41613486409187317], [3.3681818181818186, 0.4154595732688904], [3.7050000000000005, 0.40601682662963867], [4.041818181818182, 0.4107586741447449], [4.378636363636364, 0.42359718680381775], [4.715454545454546, 0.4252821207046509], [5.052272727272728, 0.42204028367996216], [5.38909090909091, 0.41163331270217896], [5.7259090909090915, 0.41552549600601196], [6.062727272727273, 0.41278037428855896], [6.399545454545455, 0.4084676504135132], [6.736363636363637, 0.4093919098377228], [7.073181818181819, 0.40974894165992737]]}