{"pockets": [[0.0, 0.5041106343269348], [0.1431707317073171, 0.5040271878242493], [0.2863414634146342, 0.5653234124183655], [0.42951219512195127, 0.5480727553367615], [0.5726829268292684, 0.5645653605461121], [0.7158536585365854, 0.5404376983642578], [0.8590243902439025, 0.5465793609619141], [1.0021951219512197, 0.5701460242271423], [1.1453658536585367, 0.5446015000343323], [1.2885365853658537, 0.5414015650749207], [1.431707317073171, 0.5230467915534973], [1.574878048780488, 0.5246448516845703], [1.718048780487805, 0.5221163630485535], [1.861219512195122, 0.5142461657524109], [2.0043902439024395, 0.5032349228858948], [2.1475609756097565, 0.5069562196731567], [2.2907317073170734, 0.4870859682559967], [2.4339024390243904, 0.46804001927375793], [2.5770731707317074, 0.4715218245983124], [2.720243902439025, 0.46949201822280884], [2.863414634146342, 0.4120228886604309], [3.0065853658536588, 0.41187626123428345], [3.149756097560976, 0.43110889196395874], [3.292926829268293, 0.5619779825210571], [3.43609756097561, 0.5553441047668457], [3.579268292682927, 0.5372862219810486], [3.722439024390244, 0.5572519302368164], [3.8656097560975615, 0.4731917381286621], [4.008780487804879, 0.5333210825920105], [4.1519512195121955, 0.5286360383033752], [4.295121951219513, 0.5070498585700989], [4.438292682926829, 0.5886044502258301], [4.581463414634147, 0.5445030927658081], [4.724634146341464, 0.6242602467536926], [4.867804878048781, 0.6172002553939819], [5.010975609756098, 0.6143214702606201], [5.154146341463415, 0.631502628326416], [5.297317073170732, 0.5139017701148987], [5.44048780487805, 0.5524405837059021], [5.583658536585366, 0.5457838773727417], [5.726829268292684, 0.5475067496299744]], "erratic": [[0.0, 0.21113033592700958], [0.1431707317073171, 0.19918863475322723], [0.2863414634146342, 0.19068466126918793], [0.42951219512195127, 0.2178952842950821], [0.5726829268292684, 0.2282608300447464], [0.7158536585365854, 0.22138649225234985], [0.8590243902439025, 0.22571751475334167], [1.0021951219512197, 0.19732657074928284], [1.1453658536585367, 0.2191542088985443], [1.2885365853658537, 0.20991471409797668], [1.431707317073171, 0.23116253316402435], [1.574878048780488, 0.23517516255378723], [1.718048780487805, 0.23339861631393433], [1.861219512195122, 0.22552083432674408], [2.0043902439024395, 0.22429871559143066], [2.1475609756097565, 0.2150551974773407], [2.2907317073170734, 0.22718393802642822], [2.4339024390243904, 0.22307057678699493], [2.5770731707317074, 0.22902542352676392], [2.720243902439025, 0.20333914458751678], [2.863414634146342, 0.22166216373443604], [3.0065853658536588, 0.20828230679035187], [3.149756097560976, 0.19079233705997467], [3.292926829268293, 0.16648024320602417], [3.43609756097561, 0.16838276386260986], [3.579268292682927, 0.17048279941082], [3.722439024390244, 0.15630333125591278], [3.8656097560975615, 0.21313706040382385], [4.008780487804879, 0.16095684468746185], [4.1519512195121955, 0.17248035967350006], [4.295121951219513, 0.17394764721393585], [4.438292682926829, 0.15426385402679443], [4.581463414634147, 0.13023824989795685], [4.724634146341464, 0.13232392072677612], [4.867804878048781, 0.1269913613796234], [5.010975609756098, 0.13674072921276093], [5.154146341463415, 0.1435183584690094], [5.297317073170732, 0.18457284569740295], [5.44048780487805, 0.1720777451992035], [5.583658536585366, 0.17116285860538483], [5.726829268292684, 0.1846662312746048]], "drumming": [[0.0, 0.2847590446472168], [0.1431707317073171, 0.2967842221260071], [0.2863414634146342, 0.24399195611476898], [0.42951219512195127, 0.23403193056583405], [0.5726829268292684, 0.20717383921146393], [0.7158536585365854, 0.23817583918571472], [0.8590243902439025, 0.22770312428474426], [1.0021951219512197, 0.23252743482589722], [1.1453658536585367, 0.23624426126480103], [1.2885365853658537, 0.24868370592594147], [1.431707317073171, 0.24579066038131714], [1.574878048780488, 0.24017995595932007], [1.718048780487805, 0.24448496103286743], [1.861219512195122, 0.2602330446243286], [2.0043902439024395, 0.27246639132499695], [2.1475609756097565, 0.2779885530471802], [2.2907317073170734, 0.28573018312454224], [2.4339024390243904, 0.3088894486427307], [2.5770731707317074, 0.2994527816772461], [2.720243902439025, 0.32716885209083557], [2.863414634146342, 0.36631500720977783], [3.0065853658536588, 0.37984147667884827], [3.149756097560976, 0.3780987858772278], [3.292926829268293, 0.2715418040752411], [3.43609756097561, 0.27627313137054443], [3.579268292682927, 0.2922310531139374], [3.722439024390244, 0.2864447236061096], [3.8656097560975615, 0.31367117166519165], [4.008780487804879, 0.30572208762168884], [4.1519512195121955, 0.2988836169242859], [4.295121951219513, 0.3190024793148041], [4.438292682926829, 0.25713175535202026], [4.581463414634147, 0.32525864243507385], [4.724634146341464, 0.24341584742069244], [4.867804878048781, 0.25580841302871704], [5.010975609756098, 0.24893777072429657], [5.154146341463415, 0.2249789834022522], [5.297317073170732, 0.30152541399002075], [5.44048780487805, 0.2754817306995392], [5.583658536585366, 0.2830532491207123], [5.726829268292684, 0.2678270637989044]]}