{"pockets": [[0.0, 0.28377148509025574], [0.3334782608695652, 0.3090609610080719], [0.6669565217391304, 0.30248185992240906], [1.0004347826086957, 0.27242615818977356], [1.333913043478261, 0.2782536447048187], [1.6673913043478261, 0.3251158595085144], [2.0008695652173913, 0.29324114322662354], [2.3343478260869563, 0.31486204266548157], [2.667826086956522, 0.31895577907562256], [3.0013043478260872, 0.3039165437221527], [3.3347826086956522, 0.28964048624038696], [3.6682608695652172, 0.2958753705024719], [4.001739130434783, 0.29976364970207214], [4.335217391304348, 0.28729668259620667], [4.668695652173913, 0.28820472955703735], [5.002173913043478, 0.28857824206352234], [5.335652173913044, 0.2950257658958435], [5.669130434782609, 0.2910603880882263], [6.0026086956521745, 0.28975802659988403], [6.336086956521739, 0.25243839621543884], [6.6695652173913045, 0.30586060881614685], [7.00304347826087, 0.3175539970397949], [7.3365217391304345, 0.308681458234787]], "erratic": [[0.0, 0.19099068641662598], [0.3334782608695652, 0.19206996262073517], [0.6669565217391304, 0.16464152932167053], [1.0004347826086957, 0.20124509930610657], [1.333913043478261, 0.21172678470611572], [1.6673913043478261, 0.18609507381916046], [2.0008695652173913, 0.19842295348644257], [2.3343478260869563, 0.1901884824037552], [2.667826086956522, 0.17966485023498535], [3.0013043478260872, 0.17503158748149872], [3.3347826086956522, 0.18169811367988586], [3.6682608695652172, 0.18112701177597046], [4.001739130434783, 0.17430105805397034], [4.335217391304348, 0.17013205587863922], [4.668695652173913, 0.15547160804271698], [5.002173913043478, 0.15789896249771118], [5.335652173913044, 0.15216252207756042], [5.669130434782609, 0.15236516296863556], [6.0026086956521745, 0.16166505217552185], [6.336086956521739, 0.17215295135974884], [6.6695652173913045, 0.19246992468833923], [7.00304347826087, 0.1957479864358902], [7.3365217391304345, 0.18371668457984924]], "drumming": [[0.0, 0.5252377986907959], [0.3334782608695652, 0.49886900186538696], [0.6669565217391304, 0.5328765511512756], [1.0004347826086957, 0.5263286828994751], [1.333913043478261, 0.5100195407867432], [1.6673913043478261, 0.48878908157348633], [2.0008695652173913, 0.5083358883857727], [2.3343478260869563, 0.49494943022727966], [2.667826086956522, 0.5013794302940369], [3.0013043478260872, 0.521051824092865], [3.3347826086956522, 0.5286614298820496], [3.6682608695652172, 0.5229976177215576], [4.001739130434783, 0.5259352922439575], [4.335217391304348, 0.5425713062286377], [4.668695652173913, 0.5563237071037292], [5.002173913043478, 0.5535227656364441], [5.335652173913044, 0.5528116822242737], [5.669130434782609, 0.5565744638442993], [6.0026086956521745, 0.5485769510269165], [6.336086956521739, 0.5754086375236511], [6.6695652173913045, 0.5016694664955139], [7.00304347826087, 0.4866980016231537], [7.3365217391304345, 0.507601797580719]]}