{"pockets": [[0.0, 0.538224458694458], [0.11828125, 0.5508278012275696], [0.2365625, 0.5095893144607544], [0.35484375, 0.5019413232803345], [0.473125, 0.5335267186164856], [0.59140625, 0.5769884586334229], [0.7096875, 0.5796889662742615], [0.82796875, 0.5890806913375854], [0.94625, 0.5755813121795654], [1.06453125, 0.5797016620635986], [1.1828125, 0.5852697491645813], [1.3010937500000002, 0.6083981990814209], [1.419375, 0.6079167723655701], [1.53765625, 0.5884291529655457], [1.6559375, 0.6020273566246033], [1.7742187500000002, 0.5946380496025085], [1.8925, 0.6109896302223206], [2.01078125, 0.5800007581710815], [2.1290625, 0.5902546644210815], [2.24734375, 0.5984036922454834], [2.365625, 0.5405652523040771], [2.48390625, 0.5582690834999084], [2.6021875000000003, 0.557295024394989], [2.72046875, 0.5333417057991028], [2.83875, 0.5116055607795715], [2.95703125, 0.537198007106781], [3.0753125, 0.509793758392334], [3.1935937500000002, 0.5728254318237305], [3.311875, 0.5764942765235901], [3.43015625, 0.5641544461250305], [3.5484375000000004, 0.4682016968727112], [3.6667187500000002, 0.5334521532058716], [3.785, 0.5584955811500549], [3.90328125, 0.6383793950080872], [4.0215625, 0.5823915004730225], [4.13984375, 0.5558335781097412], [4.258125, 0.5659217834472656], [4.3764062500000005, 0.533488929271698], [4.4946875, 0.5729009509086609], [4.61296875, 0.6102331876754761], [4.73125, 0.5621536374092102], [4.84953125, 0.5964638590812683], [4.9678125, 0.6268733739852905], [5.08609375, 0.6312339305877686], [5.204375000000001, 0.5711803436279297], [5.3226562500000005, 0.6337756514549255], [5.4409375, 0.6731600165367126], [5.55921875, 0.6238465905189514], [5.6775, 0.5787146091461182], [5.79578125, 0.5678966641426086], [5.9140625, 0.5418622493743896], [6.03234375, 0.5348180532455444], [6.150625, 0.5616616010665894], [6.268906250000001, 0.5175212025642395], [6.3871875000000005, 0.5169629454612732], [6.50546875, 0.614730179309845], [6.62375, 0.5376459956169128], [6.74203125, 0.5659703612327576], [6.8603125, 0.5500345230102539], [6.97859375, 0.5747296214103699], [7.096875000000001, 0.6336984038352966], [7.215156250000001, 0.5268224477767944], [7.3334375000000005, 0.6468034386634827], [7.45171875, 0.6357303261756897]], "erratic": [[0.0, 0.4097115695476532], [0.11828125, 0.3948592245578766], [0.2365625, 0.43818631768226624], [0.35484375, 0.43706536293029785], [0.473125, 0.41271424293518066], [0.59140625, 0.37083345651626587], [0.7096875, 0.3690408170223236], [0.82796875, 0.3643420934677124], [0.94625, 0.3730821907520294], [1.06453125, 0.37238314747810364], [1.1828125, 0.36629343032836914], [1.3010937500000002, 0.34741827845573425], [1.419375, 0.35099199414253235], [1.53765625, 0.36875054240226746], [1.6559375, 0.35530856251716614], [1.7742187500000002, 0.35934919118881226], [1.8925, 0.34645920991897583], [2.01078125, 0.3737679719924927], [2.1290625, 0.3682034909725189], [2.24734375, 0.35032781958580017], [2.365625, 0.41055333614349365], [2.48390625, 0.38489311933517456], [2.6021875000000003, 0.38399630784988403], [2.72046875, 0.4075874388217926], [2.83875, 0.42602622509002686], [2.95703125, 0.395402193069458], [3.0753125, 0.4144818186759949], [3.1935937500000002, 0.37737521529197693], [3.311875, 0.35065892338752747], [3.43015625, 0.3774232864379883], [3.5484375000000004, 0.467031866312027], [3.6667187500000002, 0.40685123205184937], [3.785, 0.39861243963241577], [3.90328125, 0.3167038559913635], [4.0215625, 0.37372443079948425], [4.13984375, 0.4044460356235504], [4.258125, 0.3857631981372833], [4.3764062500000005, 0.4068526327610016], [4.4946875, 0.36987361311912537], [4.61296875, 0.3428357243537903], [4.73125, 0.3635137975215912], [4.84953125, 0.3541874587535858], [4.9678125, 0.31996312737464905], [5.08609375, 0.3210964500904083], [5.204375000000001, 0.37927356362342834], [5.3226562500000005, 0.30946084856987], [5.4409375, 0.2940804660320282], [5.55921875, 0.31476035714149475], [5.6775, 0.3689385652542114], [5.79578125, 0.37992772459983826], [5.9140625, 0.4065847098827362], [6.03234375, 0.4050019383430481], [6.150625, 0.3768715262413025], [6.268906250000001, 0.3956380784511566], [6.3871875000000005, 0.40788134932518005], [6.50546875, 0.32044416666030884], [6.62375, 0.3732423186302185], [6.74203125, 0.38069814443588257], [6.8603125, 0.38149067759513855], [6.97859375, 0.37010493874549866], [7.096875000000001, 0.30154550075531006], [7.215156250000001, 0.39299148321151733], [7.3334375000000005, 0.31363847851753235], [7.45171875, 0.2911861538887024]], "drumming": [[0.0, 0.05206393077969551], [0.11828125, 0.054312966763973236], [0.2365625, 0.052224379032850266], [0.35484375, 0.0609932579100132], [0.473125, 0.05375903472304344], [0.59140625, 0.0521780401468277], [0.7096875, 0.05127021670341492], [0.82796875, 0.04657718911767006], [0.94625, 0.05133650824427605], [1.06453125, 0.047915104776620865], [1.1828125, 0.04843685030937195], [1.3010937500000002, 0.044183529913425446], [1.419375, 0.04109122231602669], [1.53765625, 0.042820338159799576], [1.6559375, 0.04266410320997238], [1.7742187500000002, 0.046012695878744125], [1.8925, 0.04255116730928421], [2.01078125, 0.0462312176823616], [2.1290625, 0.041541893035173416], [2.24734375, 0.05126848816871643], [2.365625, 0.04888147488236427], [2.48390625, 0.05683775618672371], [2.6021875000000003, 0.05870862677693367], [2.72046875, 0.059070855379104614], [2.83875, 0.06236826255917549], [2.95703125, 0.06739980727434158], [3.0753125, 0.07572445273399353], [3.1935937500000002, 0.04979931563138962], [3.311875, 0.07284682989120483], [3.43015625, 0.0584222637116909], [3.5484375000000004, 0.06476639956235886], [3.6667187500000002, 0.05969657748937607], [3.785, 0.042891986668109894], [3.90328125, 0.04491675645112991], [4.0215625, 0.04388398677110672], [4.13984375, 0.03972040116786957], [4.258125, 0.04831497371196747], [4.3764062500000005, 0.05965844541788101], [4.4946875, 0.05722546577453613], [4.61296875, 0.04693109169602394], [4.73125, 0.0743325874209404], [4.84953125, 0.04934864118695259], [4.9678125, 0.053163543343544006], [5.08609375, 0.04766964912414551], [5.204375000000001, 0.04954608157277107], [5.3226562500000005, 0.05676339566707611], [5.4409375, 0.03275948762893677], [5.55921875, 0.061393022537231445], [5.6775, 0.0523468442261219], [5.79578125, 0.052175648510456085], [5.9140625, 0.05155300721526146], [6.03234375, 0.06018002703785896], [6.150625, 0.06146686151623726], [6.268906250000001, 0.08684075623750687], [6.3871875000000005, 0.07515565305948257], [6.50546875, 0.0648256316781044], [6.62375, 0.08911164104938507], [6.74203125, 0.05333154276013374], [6.8603125, 0.0684749037027359], [6.97859375, 0.05516543611884117], [7.096875000000001, 0.06475609540939331], [7.215156250000001, 0.08018598705530167], [7.3334375000000005, 0.039558082818984985], [7.45171875, 0.07308349013328552]]}